{"cameraMode":{"drawMode":0,"name":"Shaded","section":"Shading Mode"},"sceneLighting":false,"audioPlay":false,"sceneViewState":{"m_AlwaysRefresh":false,"showFog":true,"showSkybox":false,"showFlares":true,"showImageEffects":true,"showParticleSystems":true,"showVisualEffectGraphs":true,"m_FxEnabled":true},"in2DMode":false,"pivot":{"x":-0.04062604904174805,"y":2.12019944190979,"z":0.0059299468994140629},"rotation":{"x":0.01438942737877369,"y":-0.003903069766238332,"z":-0.00005812962263007648,"w":-0.9999054074287415},"size":3.643763542175293,"orthographic":false}