{"cameraMode":{"drawMode":0,"name":"Shaded","section":"Shading Mode"},"sceneLighting":false,"audioPlay":false,"sceneViewState":{"m_AlwaysRefresh":false,"showFog":true,"showSkybox":false,"showFlares":true,"showImageEffects":true,"showParticleSystems":true,"showVisualEffectGraphs":true,"m_FxEnabled":true},"in2DMode":false,"pivot":{"x":-0.044940948486328128,"y":0.10274884104728699,"z":-0.048880577087402347},"rotation":{"x":0.1485588699579239,"y":-0.005343348253518343,"z":0.0008060737163759768,"w":0.988908052444458},"size":14.631474494934082,"orthographic":false}