{"cameraMode":{"drawMode":0,"name":"Shaded","section":"Shading Mode"},"sceneLighting":false,"audioPlay":false,"sceneViewState":{"m_AlwaysRefresh":false,"showFog":true,"showSkybox":false,"showFlares":true,"showImageEffects":true,"showParticleSystems":true,"showVisualEffectGraphs":true,"m_FxEnabled":true},"in2DMode":false,"pivot":{"x":3.0367279052734377,"y":0.7638645172119141,"z":0.475047767162323},"rotation":{"x":0.10176274925470352,"y":0.03431376442313194,"z":-0.003512212075293064,"w":0.9942107796669006},"size":1.309146761894226,"orthographic":false}