{"cameraMode":{"drawMode":0,"name":"Shaded","section":"Shading Mode"},"sceneLighting":false,"audioPlay":false,"sceneViewState":{"m_AlwaysRefresh":false,"showFog":true,"showSkybox":false,"showFlares":true,"showImageEffects":true,"showParticleSystems":true,"showVisualEffectGraphs":true,"m_FxEnabled":true},"in2DMode":false,"pivot":{"x":-0.25719523429870608,"y":1.5795032978057862,"z":0.06526017189025879},"rotation":{"x":0.1485588699579239,"y":-0.005343348253518343,"z":0.0008060737163759768,"w":0.988908052444458},"size":2.96574068069458,"orthographic":false}