{"cameraMode":{"drawMode":0,"name":"Shaded","section":"Shading Mode"},"sceneLighting":false,"audioPlay":false,"sceneViewState":{"m_AlwaysRefresh":false,"showFog":false,"showSkybox":false,"showFlares":false,"showImageEffects":false,"showParticleSystems":false,"showVisualEffectGraphs":true,"m_FxEnabled":true},"in2DMode":false,"pivot":{"x":0.19292029738426209,"y":0.7303826808929443,"z":0.26247531175613406},"rotation":{"x":0.18093369901180268,"y":0.04334867745637894,"z":-0.008011715486645699,"w":0.9825319647789002},"size":1.3157793283462525,"orthographic":false}