{"cameraMode":{"drawMode":0,"name":"Shaded","section":"Shading Mode"},"sceneLighting":false,"audioPlay":false,"sceneViewState":{"m_AlwaysRefresh":false,"showFog":true,"showSkybox":false,"showFlares":true,"showImageEffects":true,"showParticleSystems":true,"showVisualEffectGraphs":true,"m_FxEnabled":true},"in2DMode":false,"pivot":{"x":0.005241364240646362,"y":0.5506976842880249,"z":0.022218897938728334},"rotation":{"x":0.27582767605781557,"y":-0.03258039429783821,"z":0.009358742274343968,"w":0.9606292843818665},"size":0.9110972285270691,"orthographic":false}