{"cameraMode":{"drawMode":0,"name":"Shaded","section":"Shading Mode"},"sceneLighting":false,"audioPlay":false,"sceneViewState":{"m_AlwaysRefresh":false,"showFog":true,"showSkybox":false,"showFlares":true,"showImageEffects":true,"showParticleSystems":true,"showVisualEffectGraphs":true,"m_FxEnabled":true},"in2DMode":false,"pivot":{"x":0.011583805084228516,"y":0.823740541934967,"z":0.12948347628116609},"rotation":{"x":0.1485588699579239,"y":-0.005343348253518343,"z":0.0008060737163759768,"w":0.988908052444458},"size":1.453190565109253,"orthographic":false}