{"cameraMode":{"drawMode":0,"name":"Shaded","section":"Shading Mode"},"sceneLighting":false,"audioPlay":false,"sceneViewState":{"m_AlwaysRefresh":false,"showFog":true,"showSkybox":false,"showFlares":true,"showImageEffects":true,"showParticleSystems":true,"showVisualEffectGraphs":true,"m_FxEnabled":true},"in2DMode":false,"pivot":{"x":3.2782554626464846e-7,"y":0.36475786566734316,"z":-1.258913278579712},"rotation":{"x":0.1485588699579239,"y":-0.005343348253518343,"z":0.0008060737163759768,"w":0.988908052444458},"size":1.3517171144485474,"orthographic":false}