{"cameraMode":{"drawMode":0,"name":"Shaded","section":"Shading Mode"},"sceneLighting":false,"audioPlay":false,"sceneViewState":{"m_AlwaysRefresh":false,"showFog":true,"showSkybox":false,"showFlares":true,"showImageEffects":true,"showParticleSystems":true,"showVisualEffectGraphs":true,"m_FxEnabled":true},"in2DMode":false,"pivot":{"x":-0.06362563371658325,"y":0.4331454336643219,"z":0.7013587951660156},"rotation":{"x":0.35976383090019228,"y":0.02154870517551899,"z":-0.008307632058858872,"w":0.9327778220176697},"size":1.2226618528366089,"orthographic":false}