{"cameraMode":{"drawMode":0,"name":"Shaded","section":"Shading Mode"},"sceneLighting":false,"audioPlay":false,"sceneViewState":{"m_AlwaysRefresh":false,"showFog":true,"showSkybox":false,"showFlares":true,"showImageEffects":true,"showParticleSystems":true,"showVisualEffectGraphs":true,"m_FxEnabled":true},"in2DMode":false,"pivot":{"x":11.994758605957032,"y":12.00034236907959,"z":-10.462089538574219},"rotation":{"x":0.006608670111745596,"y":0.024593224748969079,"z":-0.0001931538718054071,"w":0.9997011423110962},"size":1.7817442417144776,"orthographic":false}