{"cameraMode":{"drawMode":0,"name":"Shaded","section":"Shading Mode"},"sceneLighting":false,"audioPlay":false,"sceneViewState":{"m_AlwaysRefresh":false,"showFog":true,"showSkybox":false,"showFlares":true,"showImageEffects":true,"showParticleSystems":true,"showVisualEffectGraphs":true,"m_FxEnabled":true},"in2DMode":false,"pivot":{"x":0.0060890913009643559,"y":0.6481830477714539,"z":0.4226949214935303},"rotation":{"x":0.35976383090019228,"y":0.02154870517551899,"z":-0.008307632058858872,"w":0.9327778220176697},"size":1.1335313320159913,"orthographic":false}