{"cameraMode":{"drawMode":0,"name":"Shaded","section":"Shading Mode"},"sceneLighting":false,"audioPlay":false,"sceneViewState":{"m_AlwaysRefresh":false,"showFog":true,"showSkybox":false,"showFlares":true,"showImageEffects":true,"showParticleSystems":true,"showVisualEffectGraphs":true,"m_FxEnabled":true},"in2DMode":false,"pivot":{"x":-0.7687114477157593,"y":-0.8004071712493897,"z":-5.761760711669922},"rotation":{"x":-0.014675801619887352,"y":0.9749451875686646,"z":-0.2114848643541336,"w":-0.06767286360263825},"size":6.6966447830200199,"orthographic":false}