{"cameraMode":{"drawMode":0,"name":"Shaded","section":"Shading Mode"},"sceneLighting":false,"audioPlay":false,"sceneViewState":{"m_AlwaysRefresh":false,"showFog":true,"showSkybox":false,"showFlares":true,"showImageEffects":true,"showParticleSystems":true,"showVisualEffectGraphs":true,"m_FxEnabled":true},"in2DMode":false,"pivot":{"x":455.6601257324219,"y":319.8399963378906,"z":87.70074462890625},"rotation":{"x":-0.007809574715793133,"y":0.0035973447374999525,"z":-0.00002815225707308855,"w":-0.9999645352363586},"size":323.809814453125,"orthographic":false}