{"cameraMode":{"drawMode":0,"name":"Shaded","section":"Shading Mode"},"sceneLighting":false,"audioPlay":false,"sceneViewState":{"m_AlwaysRefresh":false,"showFog":true,"showSkybox":true,"showFlares":true,"showImageEffects":true,"showParticleSystems":true,"showVisualEffectGraphs":true,"m_FxEnabled":true},"in2DMode":false,"pivot":{"x":679.5315551757813,"y":535.3709716796875,"z":325.754150390625},"rotation":{"x":-0.01200414914637804,"y":-0.032942432910203937,"z":0.00013368840154726058,"w":-0.9994438886642456},"size":327.2421569824219,"orthographic":false}