{"cameraMode":{"drawMode":0,"name":"Shaded","section":"Shading Mode"},"sceneLighting":false,"audioPlay":false,"sceneViewState":{"m_AlwaysRefresh":false,"showFog":true,"showSkybox":true,"showFlares":true,"showImageEffects":true,"showParticleSystems":true,"showVisualEffectGraphs":true,"m_FxEnabled":true},"in2DMode":false,"pivot":{"x":526.760009765625,"y":678.481689453125,"z":128.74884033203126},"rotation":{"x":0.07191706448793411,"y":0.02393447607755661,"z":-0.0017224190523847938,"w":0.9971282482147217},"size":540.8327026367188,"orthographic":false}