{"cameraMode":{"drawMode":0,"name":"Shaded","section":"Shading Mode"},"sceneLighting":false,"audioPlay":false,"sceneViewState":{"m_AlwaysRefresh":false,"showFog":true,"showSkybox":false,"showFlares":true,"showImageEffects":true,"showParticleSystems":true,"showVisualEffectGraphs":true,"m_FxEnabled":true},"in2DMode":false,"pivot":{"x":12.885687828063965,"y":12.075488090515137,"z":-11.305517196655274},"rotation":{"x":0.005110064055770636,"y":-0.02940031699836254,"z":0.00011902881669811904,"w":0.9995797276496887},"size":1.4655359983444214,"orthographic":false}