{"cameraMode":{"drawMode":0,"name":"Shaded","section":"Shading Mode"},"sceneLighting":false,"audioPlay":false,"sceneViewState":{"m_AlwaysRefresh":false,"showFog":true,"showSkybox":false,"showFlares":true,"showImageEffects":true,"showParticleSystems":true,"showVisualEffectGraphs":true,"m_FxEnabled":true},"in2DMode":false,"pivot":{"x":-0.9681427478790283,"y":-0.19915246963500977,"z":-7.0603766441345219},"rotation":{"x":-0.00003271366222179495,"y":0.9925722479820252,"z":-0.12180928140878678,"w":-0.00029830241692252457},"size":6.88868522644043,"orthographic":false}