{"cameraMode":{"drawMode":0,"name":"Shaded","section":"Shading Mode"},"sceneLighting":false,"audioPlay":false,"sceneViewState":{"m_AlwaysRefresh":false,"showFog":true,"showSkybox":false,"showFlares":true,"showImageEffects":true,"showParticleSystems":true,"showVisualEffectGraphs":true,"m_FxEnabled":true},"in2DMode":false,"pivot":{"x":-1.76986825466156,"y":0.9694550037384033,"z":1.7063674926757813},"rotation":{"x":0.007326798047870398,"y":-0.9791051149368286,"z":0.20011642575263978,"w":0.03585860878229141},"size":2.9118430614471437,"orthographic":false}