{"cameraMode":{"drawMode":0,"name":"Shaded","section":"Shading Mode"},"sceneLighting":false,"audioPlay":false,"sceneViewState":{"m_AlwaysRefresh":false,"showFog":true,"showSkybox":false,"showFlares":true,"showImageEffects":true,"showParticleSystems":true,"showVisualEffectGraphs":true,"m_FxEnabled":true},"in2DMode":false,"pivot":{"x":-0.01850748062133789,"y":0.07589296996593476,"z":0.0232846736907959},"rotation":{"x":0.1485588699579239,"y":-0.005343348253518343,"z":0.0008060737163759768,"w":0.988908052444458},"size":1.5076345205307007,"orthographic":false}