{"cameraMode":{"drawMode":0,"name":"Shaded","section":"Shading Mode"},"sceneLighting":false,"audioPlay":false,"sceneViewState":{"m_AlwaysRefresh":false,"showFog":true,"showSkybox":false,"showFlares":true,"showImageEffects":true,"showParticleSystems":true,"showVisualEffectGraphs":true,"m_FxEnabled":true},"in2DMode":false,"pivot":{"x":0.02277889847755432,"y":0.5142236948013306,"z":0.003826141357421875},"rotation":{"x":0.48208868503570559,"y":-0.015244933776557446,"z":0.008394197560846806,"w":0.8759709000587463},"size":0.7403702735900879,"orthographic":false}