{"cameraMode":{"drawMode":0,"name":"Shaded","section":"Shading Mode"},"sceneLighting":false,"audioPlay":false,"sceneViewState":{"m_AlwaysRefresh":false,"showFog":true,"showSkybox":false,"showFlares":true,"showImageEffects":true,"showParticleSystems":true,"showVisualEffectGraphs":true,"m_FxEnabled":true},"in2DMode":false,"pivot":{"x":0.3024596571922302,"y":0.7086479067802429,"z":-0.34494858980178835},"rotation":{"x":0.3478652238845825,"y":0.06237417832016945,"z":-0.023197932168841363,"w":0.9352002739906311},"size":0.593736469745636,"orthographic":false}